{"cameraMode":{"drawMode":0,"name":"Shaded","section":"Shading Mode"},"sceneLighting":true,"audioPlay":false,"sceneViewState":{"m_AlwaysRefresh":false,"showFog":true,"showSkybox":true,"showFlares":true,"showImageEffects":true,"showParticleSystems":true,"showVisualEffectGraphs":true,"m_FxEnabled":true},"in2DMode":false,"pivot":{"x":-11.754834175109864,"y":0.05304062366485596,"z":19.326610565185548},"rotation":{"x":0.02389121614396572,"y":-0.2810705006122589,"z":0.006999692413955927,"w":0.9593645334243774},"size":11.8797025680542,"orthographic":false}